cv_2,29E,,Line,""
cv_3,29F,,Line,""
cv_4,2A0,,Line,""
cv_5,2A1,,Line,""
cv_6,2D3,,Line,""
cv_7,2D6,,Line,""
cv_8,2D7,,Line,""
cv_9,2D8,,Line,""
cv_10,2D9,,Line,""
cv_11,2BA,,MText,""
cv_12,2D5,,MText,""
cv_13,2D5,,MText,""
cv_39,2A6,,MText,""
cv_66,2D1,,Line,""
cv_67,2D2,,Line,""
cv_68,31E,,Line,""
cv_69,31F,,Line,""
cv_70,322,,Line,""
cv_71,2D4,,MText,""
cv_72,321,,MText,""
cv_99,350,,Line,""
cv_100,353,,Line,""
cv_101,355,,Line,""
cv_102,357,,Line,""
cv_103,351,,MText,""
cv_104,356,,MText,""
cv_130,358,,MText,""
